{"theme_color":"#f69435","background_color":"#f69435","display":"fullscreen","scope":"/","start_url":"/index.html","name":"Demo PWA","short_name":"Demo_PWA","description":"Vamos a probar Bubblewrap","icons":[{"src":"/img/icon-192x192.png","sizes":"192x192","type":"image/png","purpose":"maskable any"},{"src":"/img/icon-256x256.png","sizes":"256x256","type":"image/png","purpose":"maskable any"},{"src":"/img/icon-384x384.png","sizes":"384x384","type":"image/png","purpose":"maskable any"},{"src":"/img/icon-512x512.png","sizes":"512x512","type":"image/png","purpose":"maskable any"}]}